{"status":"success","availability_status":{"20829":"tidak ada","101347":"tidak ada","9919":"tidak ada","21459":"tidak ada","104276":"tidak ada","97940":"tersedia","11061":"tidak ada","14719":"tidak ada","249":"tersedia","20447":"tersedia","269":"tidak ada","6594":"tidak ada","20":"tersedia","5114":"tersedia","7592":"tidak ada","169":"tidak ada","20613":"tidak ada","101972":"tidak ada","154":"tidak ada","5760":"tidak ada","104458":"tidak ada","14513":"tidak ada","11757":"tidak ada","18115":"tidak ada","1482":"tidak ada"}}