{"status":"success","availability_status":{"101310":"tersedia","1699":"tidak ada","110458":"tidak ada","21499":"tersedia","11757":"tidak ada","100432":"tidak ada","21131":"tidak ada","112301":"tersedia","14833":"tidak ada","21092":"tersedia","129386":"tidak ada","20643":"tidak ada","132010":"tersedia","20829":"tidak ada","142598":"tersedia","139606":"tersedia","4654":"tersedia","6213":"tidak ada","164244":"tersedia","158709":"tersedia","160900":"tersedia","163623":"tersedia","174576":"tersedia","170938":"tersedia"}}