{"status":"success","availability_status":{"21858":"tidak ada","486":"tidak ada","108617":"tidak ada","457":"tidak ada","98448":"tidak ada","512":"tidak ada","21827":"tersedia","4081":"tidak ada","21284":"tidak ada","98436":"tidak ada","99420":"tidak ada","108268":"tersedia","2966":"tersedia","97986":"tidak ada","16009":"tidak ada","114340":"tidak ada","20506":"tidak ada","98505":"tidak ada","10357":"tidak ada","123802":"tidak ada","112608":"tersedia","114535":"tersedia","97682":"tidak ada","14349":"tidak ada","132473":"tidak ada"}}