{"status":"success","availability_status":{"21049":"tersedia","16742":"tidak ada","7785":"tersedia","634":"tidak ada","30":"tidak ada","2605":"tersedia","6774":"tidak ada","785":"tidak ada","14515":"tidak ada","240":"tidak ada","9253":"tersedia","98635":"tidak ada","8142":"tidak ada","8129":"tidak ada","97917":"tersedia","109020":"tidak ada","4181":"tersedia","800":"tidak ada","339":"tersedia","3002":"tidak ada","323":"tidak ada","64":"tidak ada","4975":"tidak ada","10568":"tersedia","6377":"tidak ada"}}