{"status":"success","availability_status":{"105143":{"status":"tidak ada"},"12859":{"status":"tidak ada"},"21335":{"status":"tidak ada"},"21831":{"status":"tidak ada"},"127271":{"status":"tidak ada"},"4155":{"status":"tidak ada"},"21485":{"status":"tidak ada"},"20835":{"status":"tidak ada"},"465":{"status":"tidak ada"},"460":{"status":"tidak ada"},"462":{"status":"tidak ada"},"877":{"status":"FINISHED","id":"7714","anime_id":"877","image":"https:\/\/s4.anilist.co\/file\/anilistcdn\/media\/anime\/cover\/medium\/bx877-rgaDbTMM9R59.png","judul":"NANA","genre":"Drama, Music, Romance, Slice of Life","sinopsis":"Dua orang berusia dua puluhan tampaknya tidak memiliki kesamaan apa pun selain nama depan mereka, namun sebuah kesempatan bertemu di kereta menuju Tokyo membuat Nana Komatsu dan Nana Oosaki berada di jalur yang bertabrakan dengan takdir. Nana Komatsu, seorang pemimpi cinta pada pandangan pertama, bertujuan untuk menemukan kebahagiaan abadi di kota besar. Nana Oosaki, vokalis neo punk rock, mengejar ambisinya yang membara untuk menjadi bintang musik dan ketenaran di seluruh dunia. Saat nasib mereka semakin bertautan, mereka masing-masing mengejar impian mereka \u2014 hingga kenyataan pahit kehidup...","format":"TV","episodes":"47","duration":"23m","season":"SPRING","studios":"MADHOUSE, VAP, Shueisha, Nippon Television Network, Sentai Filmworks","tags":"Female Protagonist, Primarily Adult Cast, Band, Coming of Age, Tragedy, Love Triangle, Shoujo, Netorare, LGBTQ+ Themes, Ensemble Cast, Heterosexual, Kuudere, College, Fashion, Age Gap, Mahjong, Gyaru, Noir"},"114307":{"status":"tidak ada"}}}