{"status":"success","availability_status":{"150972":"tersedia","154214":"tersedia","101505":"tersedia","164244":"tersedia","112667":"tidak ada","101310":"tersedia","14833":"tidak ada","2966":"tersedia","5341":"tersedia","6884":"tidak ada","6007":"tidak ada","3809":"tidak ada","21058":"tidak ada","21258":"tidak ada","21313":"tidak ada","148098":"tersedia","129277":"tersedia","169584":"tersedia","139435":"tersedia","116267":"tidak ada","141208":"tersedia","127371":"tidak ada","141212":"tidak ada","166104":"tersedia","98436":"tidak ada"}}