{"status":"success","availability_status":{"15809":"tidak ada","101310":"tersedia","132010":"tersedia","136428":"tidak ada","112667":"tidak ada","14833":"tidak ada","152523":"tidak ada","1699":"tidak ada","128715":"tersedia","20599":"tidak ada","101505":"tersedia","142":"tidak ada","130592":"tidak ada","112641":"tidak ada","101921":"tersedia","125367":"tidak ada","125368":"tidak ada","151384":"tersedia","6747":"tidak ada","21878":"tidak ada","143338":"tersedia","4224":"tersedia","169927":"tersedia","158709":"tersedia","162804":"tersedia"}}