{"status":"success","availability_status":{"148969":"tersedia","99468":"tidak ada","14741":"tidak ada","132405":"tersedia","143338":"tersedia","133965":"tidak ada","142984":"tidak ada","151806":"tersedia","2034":"tidak ada","20946":"tidak ada","154965":"tersedia","166794":"tersedia","141911":"tersedia","98202":"tidak ada","98820":"tersedia","143653":"tersedia","100179":"tersedia","128223":"tersedia","127911":"tidak ada","151252":"tersedia","148098":"tersedia","116267":"tidak ada","98291":"tersedia","105989":"tidak ada","141949":"tersedia"}}