{"status":"success","availability_status":{"242":"tidak ada","268":"tersedia","20755":"tidak ada","918":"tersedia","170":"tidak ada","851":"tidak ada","3545":"tidak ada","20807":"tidak ada","21170":"tidak ada","174":"tidak ada","2605":"tersedia","569":"tidak ada","114129":"tersedia","15335":"tidak ada","100922":"tersedia","1608":"tidak ada","9513":"tidak ada","72":"tidak ada","2748":"tidak ada","143296":"tidak ada","21804":"tidak ada","21261":"tidak ada","21018":"tidak ada","133":"tidak ada","1559":"tidak ada"}}